Prompt Text,Prompt Purpose,Prompt Creation Date,Prompt Rating (1-5),Prompt Status
Write a brief summary of the latest advancements in renewable energy technology.,Educational Content,2024-04-22,2,Active
Create a list of 10 tips for improving productivity while working from home.,Productivity Tips,2024-04-02,1,Active
Draft a professional email requesting a meeting with a potential client.,Professional Communication,2024-04-11,4,Inactive
Describe the potential impacts of artificial intelligence on the job market.,Market Analysis,2024-04-01,2,Active
Generate a creative story idea based on the theme of time travel.,Creative Writing,2024-04-02,4,Active
Explain the process of setting up a secure online payment system.,Technical Explanation,2024-05-13,1,Inactive
Write a persuasive paragraph on the importance of recycling.,Environmental Awareness,2024-04-29,2,Draft
Summarize the key features of a successful digital marketing campaign.,Marketing Strategy,2024-03-12,2,Inactive
Create a checklist for preparing for a business presentation.,Business Preparation,2024-02-19,1,Draft
Explain the concept of blockchain technology in simple terms.,Technology Explanation,2024-01-10,2,Inactive
Write a short biography of a famous historical figure.,Historical Summary,2024-02-13,3,Inactive
Provide a step-by-step guide on how to start a small business.,Entrepreneurship Guide,2024-05-30,1,Draft
Describe the benefits of a healthy work-life balance.,Work-Life Balance,2024-05-29,4,Draft
Generate a list of the top 5 programming languages to learn in 2024.,Programming Education,2024-03-14,1,Draft
Write a thank-you note to a colleague who assisted with a project.,Professional Courtesy,2024-06-01,5,Inactive
Explain the importance of cybersecurity in today's digital world.,Cybersecurity Awareness,2024-01-16,4,Inactive
Draft a speech for a graduation ceremony.,Public Speaking,2024-04-27,2,Inactive
Create an outline for a research paper on climate change.,Research Preparation,2024-06-22,3,Draft
Write a blog post about the future of electric vehicles.,Technology Trends,2024-03-25,4,Inactive
Summarize the main points of a recent scientific study on mental health.,Health Research Summary,2024-03-14,3,Active
